id,category
0,0.4579467783550494
1,0.6887194208948478
2,0.6458563208632782
3,0.6352678180633256
4,0.8294890162701223
5,0.8046517001202798
6,0.37258714582769703
7,0.5615626063132537
8,0.5788257238410607
9,0.8031800123509788
10,0.7033177502937467
11,0.6206286719647264
12,0.32941671761636293
13,0.46359242555450386
14,0.14670420612680934
15,0.7481524389401091
16,0.7618536033236712
17,0.742726117705105
18,0.5380385135289203
19,0.7244512754283101
